"Locality","Assemblage","GeoLayer.Name","Country","Locality.Type","X","Y","Technocomplex","Geostrat..Info..age.min","Geostrat..Info..age.max","Geostrat..Info..correlation","Geostrat..Info..mis","NISP.Sum.class.Mammalia","NISP.Sum.order.Rodentia","NISP.Sum.family.Anatidae","meanage","sdage","millenium","bio01","bio05","bio06","bio10","bio11","bio12","bio19","npp","biome","centrank","Suit"
"Abric Romaní","Level J Macromammal Fauna","Sequence III","Spain","rock shelter",1.688266,41.532812,"MP/ Mousterian - Eurasia",47000,52500,"U series (uranium-thorium) dating, archaeological (cultural) stratigraphy, geology (based on position of layers), geomorphology, stratigraphy","3","","-","-",51597,1,52000,10.3115491867065,18.440279006958,4.13626718521118,17.5479927062988,4.57065153121948,624.054382324219,110.882957458496,345.00244140625,-98336760,NA,NA
"Abric Romaní","Level N, micromammals","Sequence V","Spain","rock shelter",1.688266,41.532812,"MP/ Mousterian - Eurasia",53000,65000,"U series (uranium-thorium) dating, archaeological (cultural) stratigraphy, geology (based on position of layers), geomorphology, stratigraphy","4-3","","","-",55029,1,55000,10.1577548980713,18.7342109680176,3.91516780853271,17.5659160614014,4.31377792358398,608.524230957031,109.870170593262,328.220458984375,-98336760,NA,NA
"Ararat-1 Cave","Unit 4, Fauna","Unit 4","Armenia","cave",44.77,39.85,"",48800,56000,"OSL (optically stimulated thermoluminescence) dating","3","9","-","-",52400,1,52000,6.3214054107666,21.7900524139404,-10.4819746017456,19.9722785949707,-8.82329750061035,304.336456298828,29.4105987548828,68.4970321655273,13.7770376205444,NA,NA
"Arma delle Manie","Fauna","Unit VII","Italy","cave",8.375594,44.198639,"MP/ Mousterian - Eurasia",51000,76900,"ESR (electron spin resonance) dating, geology (based on position of layers), biostratigraphy (small mammal)","4","1897","-","-",60000,0.999995595174642,60000,7.01245403289795,17.7175178527832,-1.49780368804932,15.9988842010498,-0.955615639686584,1011.51239013672,290.332366943359,364.325714111328,-586696704,NA,NA
"Azokh-1 Cave","Azokh 1, human remains 02","Unit II","Azerbaijan","cave",46.98842,39.61997,"MP/ Mousterian - Eurasia",0,197000,"ESR (electron spin resonance) dating","-","-","-","-",107987,0.963571000053457,108000,6.92006015777588,24.2665634155273,-9.59709739685059,21.9563522338867,-8.06583976745605,489.346099853516,44.8067169189453,156.614791870117,14,NA,NA
"Basura Cave","Basura CdO 1312","P2 SU3","Italy","cave",8.203028,44.139626,"",34959,50000,"14C (radiocarbon) dating","2","1","-","-",52315,1,52000,7.87489891052246,17.1467990875244,-0.163136020302773,16.0097484588623,0.475844740867615,1065.58215332031,295.226623535156,364.093353271484,-1380669440,NA,NA
"Bau de l Aubesier","Bau de l Aubesier human remains 1","Trench L Unit IV","France","rock shelter",5.337778,44.044722,"MP/ Middle Paleolithic - Eurasia",104000,116000,"biostratigraphy (large mammal), ESR (electron spin resonance) dating, U series (uranium-thorium) dating","5d","-","-","-",108712,0.994949550698134,109000,7.96508932113647,18.7636947631836,-0.0231792684644461,16.8839778900146,0.302288472652435,751.134765625,217.665496826172,464.832397460938,10.9707355499268,NA,NA
"Bau de l Aubesier","Bau de l Aubesier Niveau IV fauna","Lower Slope Unit G","France","rock shelter",5.337778,44.044722,"MP/ Middle Paleolithic - Eurasia",71000,186000,"U series (uranium-thorium) dating, biostratigraphy (large mammal)","6-5a","","","-",141138,0.994625356981097,141000,7.06955289840698,14.3599414825439,1.07508087158203,13.4711475372314,1.34987616539001,847.655700683594,238.853805541992,287.284271240234,8.66460990905762,NA,NA
"Benzu Rockshelter","Rockshelter Macro-Mammal Fauna","Unit 7","Spain","cave",-5.379458,35.912047,"MP/ Mousterian - Levant",70000,179000,"geology (based on position of layers)","-","","-","-",74900,0.999999999999876,75000,14.4960794448853,21.1596984863281,10.5054454803467,20.144702911377,10.7415971755981,671.311157226562,273.363525390625,424.804351806641,-1160397184,NA,NA
"Bisnik Cave","Bisnik Cave layer 18 fauna","Layer 18","Poland","cave",19.665,50.426389,"MP/ Middle Paleolithic - Eurasia",130000,200000,"geology (based on position of layers), TL (thermoluminescence) dating","6","4111","4102","-",125428,0.535820760035346,125000,8.37831974029541,22.9764003753662,-2.61888670921326,20.2772769927979,-1.33114004135132,672.622924804688,99.3165588378906,551.017761230469,6,NA,NA
"Bisnik Cave","Bisnik Cave layer 14 fauna","Layer 14","Poland","cave",19.665,50.426389,"MP/ Middle Paleolithic - Eurasia",115000,126000,"geology (based on position of layers), TL (thermoluminescence) dating","5e","594","574","-",56003,0.767268807919805,56000,1.41460287570953,14.331488609314,-11.0924053192139,13.2836847305298,-9.8892936706543,574.833618164062,65.1515579223633,371.661224365234,9.76957893371582,NA,NA
"Bisnik Cave","Bisnik Cave layer 13 fauna","Layer 13","Poland","cave",19.665,50.426389,"MP/ Middle Paleolithic - Eurasia",110000,126000,"geology (based on position of layers), TL (thermoluminescence) dating","5e-5d","1442","1438","-",63410,0.999225364825337,63000,-1.31525027751923,11.6108684539795,-14.3937683105469,10.592321395874,-13.3207063674927,550.430358886719,50.5677452087402,316.258514404297,10.4817962646484,NA,NA
"Bisnik Cave","Bisnik Cave layer 12 fauna","Layer 12","Poland","cave",19.665,50.426389,"MP/ Middle Paleolithic - Eurasia",110000,115000,"geology (based on position of layers), OSL (optically stimulated thermoluminescence) dating, TL (thermoluminescence) dating","5d","478","464","-",91109,0.997954684776548,91000,2.86248159408569,13.5001773834229,-10.6736164093018,13.3531618118286,-9.10041999816895,611.857360839844,72.5166549682617,465.873931884766,9,NA,NA
"Bisnik Cave","Bisnik Cave layer 11 fauna","Layer 11","Poland","cave",19.665,50.426389,"MP/ Middle Paleolithic - Eurasia",90000,110000,"geology (based on position of layers), TL (thermoluminescence) dating","5c","177","165","-",66000,1,66000,-1.51931130886078,9.73549175262451,-14.2825803756714,9.25704383850098,-13.2281074523926,555.508361816406,53.3079376220703,295.154418945312,10,NA,NA
"Bisnik Cave","Bisnik Cave layer 9 fauna","Layer 9","Poland","cave",19.665,50.426389,"MP/ Middle Paleolithic - Eurasia",70000,90000,"geology (based on position of layers), TL (thermoluminescence) dating","5a","315","309","-",95915,0.999729043855302,96000,5.84772539138794,16.7129592895508,-5.19492244720459,14.7771301269531,-3.78451061248779,649.0146484375,101.881469726562,508.166076660156,7,NA,NA
"Bisnik Cave","Bisnik Cave layer 8 fauna","Layer 8","Poland","cave",19.665,50.426389,"MP/ Micoquian",60000,74000,"geology (based on position of layers), TL (thermoluminescence) dating","4","1293","1276","-",106759,0.999929507344332,107000,2.43827199935913,17.6201000213623,-10.2181034088135,15.130202293396,-9.09108734130859,591.354675292969,62.272876739502,453.441772460938,8.97740268707275,NA,NA
"Bojnice III Cave Moat","Bojnice III Cave Moat Cultural Layer VIII mammal fauna","Travertine 8","Slovakia","open air",18.577762,48.780333,"MP/ Middle Paleolithic - Eurasia",95000,115000,"biostratigraphy (mollusc), biostratigraphy (large mammal), macrobotanical remains","5d-5c","","-","-",105000,1,105000,2.78432202339172,17.8792686462402,-9.29884624481201,15.2974557876587,-8.17555618286133,805.413757324219,148.376235961914,434.576171875,8.34011840820312,NA,NA
"Bollschweil","Bollschweil fauna","GE-1","Germany","open air",7.778593,47.932644,"MP/ Middle Paleolithic - Eurasia",81000,163000,"ESR (electron spin resonance) dating, geology (based on position of layers)","6-5","299","-","-",105888,0.987557946874067,106000,5.50710916519165,17.6528167724609,-3.65457701683044,15.3349580764771,-3.10987734794617,899.8076171875,158.462783813477,520.055908203125,7.93848037719727,NA,NA
"Bollschweil","Bollschweil fauna","GE-2","Germany","open air",7.778593,47.932644,"MP/ Middle Paleolithic - Eurasia",81000,163000,"ESR (electron spin resonance) dating, geology (based on position of layers)","6-5","299","-","-",113255,0.975115994780412,113000,6.16105985641479,13.191593170166,-2.22653913497925,12.718976020813,-1.53909468650818,944.929443359375,171.975402832031,532.6650390625,7.54638719558716,NA,NA
"Bolomor Cave","Bolomor Cave, Level II, Micromammals","Nivel II","Spain","cave",-0.2498,39.0594,"MP/ Middle Paleolithic - Eurasia",103000,130000,"TL (thermoluminescence) dating, AAR (amino acid racemization) dating","5","","","-",121000,0.999994294114696,121000,16.1571006774902,26.0978660583496,9.85018539428711,24.5824546813965,10.2226505279541,412.819274902344,85.9900970458984,380.77783203125,-289371936,NA,NA
"Bronze Cave","Bronze Cave Layer 21 fauna","Layer 21","Georgia","cave",42.861667,42.278889,"MP/ Mousterian - Eurasia",50000,126000,"geology (based on position of layers), 14C (radiocarbon) dating","-","251","-","-",53420,1,53000,6.63341474533081,18.4414825439453,-6.50820112228394,17.1249408721924,-5.003249168396,1080.15478515625,272.793640136719,485.164916992188,7.63147449493408,NA,NA
"Bronze Cave","Bronze Cave Layer 19-20 fauna","Layer 19","Georgia","cave",42.861667,42.278889,"MP/ Mousterian - Eurasia",40200,48500,"geology (based on position of layers), 14C (radiocarbon) dating","-","208","-","-",51680,1,52000,6.1193699836731,17.4254055023193,-7.03535079956055,16.2838687896729,-5.49005365371704,1088.55737304688,271.769470214844,471.148315429688,7.611496925354,NA,NA
"Burgtonna","Burgtonna L2, Micromammals","L2","Germany","open air",10.731923,51.073936,"MP/ Middle Paleolithic - Eurasia",116000,130000,"U series (uranium-thorium) dating, fauna, geology (based on position of layers), macrobotanical remains","5e","11","11","-",103089,1,103000,3.88004589080811,16.2184524536133,-5.22926664352417,14.2691555023193,-4.7193775177002,513.869140625,77.2422561645508,362.930358886719,8,NA,NA
"Caours","Caours N1 macrofauna","5","France","open air",1.8830556,50.131389,"MP/ Middle Paleolithic - Eurasia",109000,139000,"ESR (electron spin resonance) dating","5e","863","-","-",124000,0.999999797612226,124000,9.9939432144165,19.6251888275146,2.97339844703674,17.8316211700439,3.65718078613281,719.535278320312,176.660308837891,487.08642578125,6,NA,NA
"Carihuela","Carihuela Unit VII human remains 01","Unit VII","Spain","cave",-3.429722,37.448889,"MP/ Mousterian - Eurasia",63400,91000,"ESR (electron spin resonance) dating","-","-","-","-",70733,0.998912201396205,71000,9.721266746521,16.7455730438232,4.04831171035767,16.1183815002441,4.33675765991211,552.994079589844,204.68376159668,125.593116760254,15,NA,NA
"Carihuela","Carihuela Unit VIII - XI human remains 02","Unit VIII","Spain","cave",-3.429722,37.448889,"MP/ Mousterian - Eurasia",63400,64200,"ESR (electron spin resonance) dating, TL (thermoluminescence) dating","-","-","-","-",62932,1,63000,8.10439968109131,18.0462322235107,2.07310700416565,16.1086387634277,2.23878979682922,649.077880859375,279.236572265625,89.3462448120117,14,NA,NA
"Carihuela","Carihuela Unit VIII - XI human remains 02","Unit X","Spain","cave",-3.429722,37.448889,"MP/ Mousterian - Eurasia",64200,84250,"U series (uranium-thorium) dating","-","-","-","-",84250,1,84000,11.7048664093018,26.2334823608398,3.35530567169189,23.2841720581055,3.64976072311401,588.016479492188,237.384002685547,159.993408203125,17.7027549743652,NA,NA
"Carihuela","Carihuela Unit VIII - XI human remains 02","Unit XI","Spain","cave",-3.429722,37.448889,"MP/ Mousterian - Eurasia",82500,129880,"TL (thermoluminescence) dating, U series (uranium-thorium) dating","-","-","-","-",129736,1,130000,12.3308067321777,27.7942714691162,3.45742583274841,24.6221580505371,3.81537532806396,619.956115722656,251.281814575195,172.748886108398,19.2279930114746,NA,NA
"Champlost","Champlost occupation sector fauna","Unit 9","France","open air",3.681111,48.016795,"MP/ Middle Paleolithic - Eurasia",29000,71000,"ESR (electron spin resonance) dating, geology (based on position of layers)","4-3","","-","-",54450,0.999999999957562,54000,6.78842353820801,16.7304649353027,-1.46503460407257,15.4083032608032,-0.887889266014099,622.399780273438,146.370712280273,353.448791503906,11.4101591110229,NA,NA
"Cova del Gegant","Cova del Gegant Episode 3a Human Remains","Episode 3a","Spain","cave",1.7743,41.2235,"MP/ Mousterian - Eurasia",47500,51100,"U series (uranium-thorium) dating","3","-","-","-",50098,1,50000,11.1533308029175,18.5488090515137,5.56594467163086,17.7878093719482,5.97568988800049,579.047180175781,109.738456726074,297.905395507812,-316077312,NA,NA
"Cova del Gegant","Cova del Gegant Episode 6-0 Faunal Remains","Episode 1","Spain","cave",1.7743,41.2235,"MP/ Mousterian - Eurasia",50900,60500,"OSL (optically stimulated thermoluminescence) dating","3","","-","-",55686,0.999999999999951,56000,10.9470481872559,19.0919342041016,5.22730255126953,17.9759063720703,5.56994771957397,554.34765625,107.618171691895,288.624420166016,-316077312,NA,NA
"Cova del Gegant","Cova del Gegant Episode 6-0 Faunal Remains","Episode 2","Spain","cave",1.7743,41.2235,"MP/ Mousterian - Eurasia",56100,63900,"OSL (optically stimulated thermoluminescence) dating","3","","-","-",60081,1,60000,10.869987487793,19.3728141784668,5.01450252532959,18.1148777008057,5.31763696670532,539.135620117188,109.287773132324,267.736724853516,-316077312,NA,NA
"Covolo De Nadale","Covolo De Nadale Unit 7 Fauna","Unit 7","Italy","cave",11.3,45.26,"MP/ Mousterian - Eurasia",57000,71000,"U series (uranium-thorium) dating, geology (based on position of layers), biostratigraphy (small mammal)","4","20903","","-",70100,1,70000,6.74844360351562,14.3409299850464,-3.17740941047668,13.8403759002686,-2.20613431930542,716.689697265625,174.129440307617,442.626831054688,16.3845329284668,NA,NA
"Cueva del Angel","Cueva del Angel Unit I - XVI Fauna","Unit VIII","Spain","cave",-4.478842,37.369444,"LP/ Acheulean - Europe",111000,132000,"U series (uranium-thorium) dating","-","3560","-","-",121000,0.999999999999656,121000,15.9586391448975,28.4392566680908,8.20349216461182,26.346960067749,8.65498733520508,507.148376464844,182.859313964844,228.488525390625,15,NA,NA
"El Castillo","El Castillo Unit 21 human remains","Unit 21","Spain","cave",-3.966,43.292,"",59800,78400,"ESR (electron spin resonance) dating","-","-","-","-",69152,0.999999959821789,69000,6.05788040161133,10.1203012466431,1.74468421936035,9.85490036010742,2.1403603553772,939.751586914062,260.496917724609,62.9291572570801,-497885120,NA,NA
"El Castillo","El Castillo Unit 22 human remains","Unit 22","Spain","cave",-3.966,43.292,"",60700,80000,"ESR (electron spin resonance) dating","-","-","-","-",70245,0.999999937411173,70000,6.77121019363403,11.1156940460205,2.39998483657837,10.7703914642334,2.81390380859375,955.858581542969,264.606903076172,181.771530151367,-497885120,NA,NA
"El Castillo","El Castillo Exc. 1910-14 Unit 21 fauna","Unit 21","Spain","cave",-3.966,43.292,"",59800,78400,"ESR (electron spin resonance) dating","-","40","-","-",63448,0.999999986607263,63000,5.45134592056274,10.7790517807007,0.711149573326111,10.2480173110962,1.04675376415253,901.927551269531,264.903411865234,68.0258941650391,-497885120,NA,NA
"El Castillo","El Castillo Exc. 1910-14 Unit 22 fauna","Unit 22","Spain","cave",-3.966,43.292,"",60700,80000,"ESR (electron spin resonance) dating","-","1213","-","-",77679,0.999999987482234,78000,7.6558690071106,13.8625955581665,2.84252905845642,13.2037687301636,3.22478818893433,968.337951660156,288.789367675781,299.660980224609,-497885120,NA,NA
"El Salt","El Salt Fauna Unidad D Layer Xb","Unidad D","Spain","cave",-0.383,39.655,"MP/ Middle Paleolithic - Eurasia",44400,56900,"TL (thermoluminescence) dating, archaeological (cultural) stratigraphy","-","724","157","-",52300,0.999999999998905,52000,12.5508232116699,20.9012832641602,7.19579744338989,19.8425521850586,7.39895915985107,451.608703613281,112.846565246582,459.232788085938,-129938000,NA,NA
"Fossellone","Fossellone human remains 01","Unit F26","Italy","cave",13.080461,41.223447,"MP/ Late Mousterian - Eurasia",51000,56000,"14C (radiocarbon) dating, TL (thermoluminescence) dating","-","-","-","-",55613,1,56000,11.6711454391479,20.7416114807129,4.84947967529297,19.5656089782715,5.15835189819336,712.259704589844,230.5732421875,140.733810424805,-515325440,NA,NA
"Geißenklösterle","Geißenklösterle GH 21 Micro-Mammal Fauna","GH 21","Germany","rock shelter",9.7713,48.3983,"MP/ Mousterian - Eurasia",64000,104000,"ESR (electron spin resonance) dating, archaeological (cultural) stratigraphy","5d-5c","61","60","-",51780,0.999999999352194,52000,3.93293452262878,14.2558536529541,-5.45311069488525,13.2981376647949,-4.74326419830322,685.99462890625,105.74585723877,392.880676269531,8.97255706787109,NA,NA
"Genay - Brèche","Genay - Brèche Macrofauna","Unit G","France","open air",4.3189,47.53475,"MP/ Mousterian - Eurasia",71000,116500,"archaeological (cultural) stratigraphy, geology (based on position of layers), palynology, stratigraphy","5d-4","1248","-","-",75174,0.999516238318958,75000,6.92788553237915,14.9301061630249,-0.303010284900665,13.85622215271,0.218424707651138,752.805358886719,186.217727661133,383.21337890625,5.70039081573486,NA,NA
"Grotta Maggiore di San Bernardino","Grotta Maggiore di San Bernardino Layer VI fauna","Unit VI","Italy","cave",11.553914,45.423019,"",101000,154000,"ESR (electron spin resonance) dating, U series (uranium-thorium) dating, geology (based on position of layers)","-","651","41","1",133000,0.93610583714145,133000,6.3104362487793,18.0066947937012,-5.47653818130493,16.6560287475586,-4.31047058105469,828.802795410156,179.577438354492,434.073272705078,13.4207696914673,NA,NA
"Grotta Maggiore di San Bernardino","Grotta Maggiore di San Bernardino Layer V -IV fauna","Unit IV","Italy","cave",11.553914,45.423019,"",65000,101000,"ESR (electron spin resonance) dating, U series (uranium-thorium) dating, geology (based on position of layers)","-","233","8","2",83000,0.999767395121212,83000,8.10753440856934,22.2856216430664,-3.2304539680481,19.8355464935303,-2.20040130615234,840.90576171875,186.212341308594,463.514251708984,10.2112827301025,NA,NA
"Grotta Maggiore di San Bernardino","Grotta Maggiore di San Bernardino Layer V -IV fauna","Unit V","Italy","cave",11.553914,45.423019,"",101000,154000,"ESR (electron spin resonance) dating, U series (uranium-thorium) dating, geology (based on position of layers)","-","233","8","2",108000,0.999999997347038,108000,6.263023853302,19.5514907836914,-4.8767523765564,17.2969036102295,-3.97699213027954,795.358337402344,185.025955200195,398.633056640625,18.4966945648193,NA,NA
"Grotta di Santo Agostino","Grotta di Santo Agostino Unit A2 Fauna","Unit A2","Italy","cave",13.494,41.234,"MP/ Middle Paleolithic - Eurasia",43000,60000,"ESR (electron spin resonance) dating, U series (uranium-thorium) dating, geology (based on position of layers)","-","455","78","-",53000,0.999998787624779,53000,12.5728130340576,21.7783355712891,5.36462545394897,20.551513671875,5.83541011810303,733.010803222656,233.55940246582,210.512573242188,-32874268,NA,NA
"Grotta di Santo Agostino","Grotta di Santo Agostino Unit A3 Fauna","Unit A3","Italy","cave",13.494,41.234,"MP/ Middle Paleolithic - Eurasia",43000,65000,"ESR (electron spin resonance) dating, U series (uranium-thorium) dating, geology (based on position of layers)","-","249","47","-",54000,0.999002429136317,54000,12.3716993331909,21.6126747131348,5.21191358566284,20.3837585449219,5.65090560913086,725.73486328125,231.361450195312,200.956268310547,-32874268,NA,NA
"Grotte du Lazaret","Grotte du Lazaret C-III UA 1-4 fauna","Unit C-III","France","cave",7.294928,43.690508,"LP/ Acheulean - Europe",130000,150000,"geology (based on position of layers), ESR (electron spin resonance) dating, U series (uranium-thorium) dating","6","2127","","-",117969,0.999999999431314,118000,12.4190301895142,19.8330593109131,6.67242050170898,18.7462882995605,7.11553001403809,910.571960449219,242.861602783203,375.056488037109,-521018112,NA,NA
"Grotte du Lazaret","Grotte du Lazaret C-III UA 5-7 fauna","Unit C-III","France","cave",7.294928,43.690508,"LP/ Acheulean - Europe",130000,150000,"geology (based on position of layers), ESR (electron spin resonance) dating, U series (uranium-thorium) dating","6","1607","","-",117313,0.999995475914115,117000,12.1176767349243,18.9983501434326,6.38311290740967,18.0951061248779,6.80358600616455,898.928527832031,240.815338134766,428.252593994141,-521018112,NA,NA
"Grotte du Lazaret","Grotte du Lazaret C-III UA 8-9 fauna","Unit C-III","France","cave",7.294928,43.690508,"LP/ Acheulean - Europe",130000,150000,"geology (based on position of layers), ESR (electron spin resonance) dating, U series (uranium-thorium) dating","6","1740","","-",121890,0.99990185107471,122000,12.4926490783691,22.1038131713867,5.83570289611816,20.6534767150879,6.33660984039307,918.435668945312,256.171081542969,348.231689453125,-521018112,NA,NA
"Grotte du Lazaret","Grotte du Lazaret C-III UA 10-12 fauna","Unit C-III","France","cave",7.294928,43.690508,"LP/ Acheulean - Europe",130000,150000,"geology (based on position of layers), ESR (electron spin resonance) dating, U series (uranium-thorium) dating","6","1696","","-",118745,0.999999998673066,119000,12.2751941680908,20.2148113250732,6.46866416931152,18.9867382049561,6.91046524047852,915.823547363281,247.572570800781,352.75390625,-521018112,NA,NA
"Gruta da Figueira Brava","Area C Macromammal Fauna","C. 1","Portugal","cave",-8.986111,38.470556,"",14000,84500,"U series (uranium-thorium) dating, archaeological (cultural) stratigraphy, geology (based on position of layers), geomorphology, stratigraphy","5a-2","498","-","-",52156,0.999995234063779,52000,13.1066017150879,18.7992191314697,9.04578971862793,18.2216510772705,9.22070503234863,1005.44049072266,478.862762451172,182.376007080078,-276492128,NA,NA
"Gruta da Figueira Brava","Area C Macromammal Fauna","C. 4","Portugal","cave",-8.986111,38.470556,"",91500,102500,"OSL (optically stimulated thermoluminescence) dating, archaeological (cultural) stratigraphy, geology (based on position of layers), geomorphology, stratigraphy","5c","498","-","-",110200,1,110000,13.5603952407837,19.6553936004639,8.6674633026123,19.1438007354736,8.81598854064941,930.391357421875,431.251281738281,203.927383422852,-276492128,NA,NA
"Guattari","Guattari Layer 0 Fauna","Layer 0","Italy","cave",13.096311,41.232358,"",11000,55000,"ESR (electron spin resonance) dating, geology (based on position of layers)","-","957","-","-",62000,0.999999999986923,62000,10.4909734725952,19.6682395935059,3.81882286071777,18.4605331420898,3.98492908477783,676.782409667969,220.497085571289,163.371200561523,-515325440,NA,NA
"Guattari","Guattari Layer 1 Fauna","Layer 1","Italy","cave",13.096311,41.232358,"MP/ Middle Paleolithic - Eurasia",55000,80000,"ESR (electron spin resonance) dating, geology (based on position of layers)","-","695","-","-",54051,0.999999691802077,54000,12.5499296188354,21.6883163452148,5.59683561325073,20.4553623199463,5.99496650695801,736.909118652344,238.319381713867,152.927398681641,-515325440,NA,NA
"Guattari","Guattari Layer 5 Fauna","Layer 5","Italy","cave",13.096311,41.232358,"MP/ Middle Paleolithic - Eurasia",55000,80000,"ESR (electron spin resonance) dating, geology (based on position of layers)","-","49","-","-",71099,0.999996908125925,71000,11.9326229095459,18.449254989624,6.16845893859863,17.8270893096924,6.35848999023438,688.226257324219,223.663192749023,148.473724365234,-515325440,NA,NA
"Hallera Av. site","Hallera Av. site Complex A/B Macro-Mammal Fauna","Hallera Av. site Complex B","Poland","open air",16.994615,51.08966,"MP/ Mousterian - Eurasia",49900,115000,"OSL (optically stimulated thermoluminescence) dating, archaeological (cultural) stratigraphy, oxygen isotope stratigraphy","5d-4","739","-","-",59963,1,60000,1.66467297077179,15.3377676010132,-10.9486999511719,13.8549184799194,-9.86746597290039,501.312377929688,37.8251266479492,381.234710693359,8.29725360870361,NA,NA
"Hallera Av. site","Hallera Av. site Complex A/B/C Macro-Mammal Fauna","Hallera Av. site Complex C","Poland","open air",16.994615,51.08966,"MP/ Micoquian",49900,60900,"OSL (optically stimulated thermoluminescence) dating, archaeological (cultural) stratigraphy, oxygen isotope stratigraphy","3","84","-","-",56105,1,56000,1.78387010097504,15.0657444000244,-10.7783041000366,13.9280300140381,-9.64719104766846,500.404449462891,40.5598068237305,364.411834716797,8.21933269500732,NA,NA
"Hallera Av. site","Hallera Av. site Complex D/E Macro-Mammal Fauna","Hallera Av. site Complex D","Poland","open air",16.994615,51.08966,"MP/ Micoquian",21100,55800,"OSL (optically stimulated thermoluminescence) dating, archaeological (cultural) stratigraphy, oxygen isotope stratigraphy","3","9","-","-",53889,0.933375302600154,54000,3.28455567359924,15.8541240692139,-8.95868968963623,14.8836574554443,-7.75632429122925,519.088745117188,50.2609443664551,399.390686035156,7.85898017883301,NA,NA
"Hovk-1 Cave","Unit 8 Macro-Mammal Fauna","Unit 8","Armenia","cave",45.005,40.8225,"",94200,113800,"OSL (optically stimulated thermoluminescence) dating, U series (uranium-thorium) dating","-","63","-","-",104000,1,104000,4.78393173217773,23.1663951873779,-11.8394165039062,20.4074726104736,-10.4258832931519,475.365875244141,30.1314182281494,323.376922607422,15.6476345062256,NA,NA
"Hovk-1 Cave","Unit 6 Macro-Mammal Fauna","Unit 6","Armenia","cave",45.005,40.8225,"",48900,60300,"OSL (optically stimulated thermoluminescence) dating","-","73","-","-",54600,0.999999999361496,55000,3.73635578155518,18.987585067749,-12.1291627883911,16.8407249450684,-10.5257797241211,528.407409667969,41.9088478088379,363.459686279297,11.4937753677368,NA,NA
"Hovk-1 Cave","Unit 6a Micro-Mammal Fauna","Unit 6a","Armenia","cave",45.005,40.8225,"",89100,242100,"U series (uranium-thorium) dating","-","27","25","-",123667,0.83247808470921,124000,7.4268159866333,25.6302738189697,-8.6306619644165,23.048547744751,-7.11972379684448,498.854248046875,39.9848747253418,351.703430175781,17.4272804260254,NA,NA
"Hunas","Hunas unknown Layer Macromammal Fauna","Hunas Layer P","Germany","collapsed cave",11.543733,49.503772,"",67186,87610,"U series (uranium-thorium) dating","5b-5a","","-","-",78424,0.999999998920958,78000,3.67866563796997,13.8443641662598,-5.21694040298462,12.8688097000122,-4.62402534484863,532.207763671875,83.4780426025391,365.210540771484,8.80697154998779,NA,NA
"Jänschwalde","JW Unit 10 Fauna","Unit 10","Germany","open air",14.540268,51.860265,"MP/ Middle Paleolithic - Eurasia",129000,774000,"geology (based on position of layers), macrobotanical remains, palynology","6","61","-","-",110000,1,110000,2.73348760604858,15.2336435317993,-10.001971244812,14.1782865524292,-9.05386352539062,480.147277832031,70.3258819580078,471.086730957031,8.90195846557617,NA,NA
"Jänschwalde","JW Unit 9 Micromammals","Unit 9","Germany","open air",14.540268,51.860265,"",116000,130000,"geology (based on position of layers), macrobotanical remains, palynology","5e","","","-",90832,0.999999999979189,91000,3.7724940776825,15.1128349304199,-9.59636688232422,14.8252477645874,-8.33383846282959,498.742431640625,84.5345001220703,465.037658691406,4,NA,NA
"Kabazi II","Unit III Micro-Mammal Fauna","Stratum 11 (lower)","Ukraine","open air",34.027613,44.834941,"MP/ Middle Paleolithic - Eurasia",74000,92000,"ESR (electron spin resonance) dating","-","39","39","-",82000,0.999999999717774,82000,6.78248834609985,20.1069087982178,-5.1490306854248,18.6221294403076,-4.05128002166748,542.764587402344,148.011871337891,302.809356689453,17.9268856048584,NA,NA
"Karain Cave","Karain Cave E, unit G, micromammals","stratum II.2","Turkey","cave",30.5666667,37.0833333,"MP/ Mousterian - Levant",85000,350000,"archaeological (cultural) stratigraphy, stratigraphy","-","","","-",128631,1,129000,12.5732498168945,29.6196422576904,0.682686805725098,26.6053924560547,1.67535650730133,550.144226074219,261.955596923828,162.337127685547,-395515072,NA,NA
"Karain Cave","Karain Cave E, unit I, micromammals","stratum I.4","Turkey","cave",30.5666667,37.0833333,"MP/ Mousterian - Levant",57000,70000,"geology (based on position of layers), stratigraphy","4","","","-",65774,0.99999479636178,66000,7.57292318344116,17.6857032775879,-2.70963644981384,16.6741886138916,-1.69193911552429,425.018218994141,162.951858520508,154.27409362793,-395515072,NA,NA
"Karain Cave","Karain Cave E, unit I, micromammals","stratum I.5","Turkey","cave",30.5666667,37.0833333,"MP/ Mousterian - Levant",50000,70000,"ESR (electron spin resonance) dating","4","","","-",74325,0.999998313396634,74000,9.83075618743896,20.0753231048584,0.829943597316742,18.5720481872559,1.57472801208496,461.319671630859,188.407440185547,161.275619506836,-395515072,NA,NA
"Karain Cave","Karain Cave E, unit H-I, Fauna","stratum I.7","Turkey","cave",30.5666667,37.0833333,"MP/ Mousterian - Levant",85000,148000,"ESR (electron spin resonance) dating","5","189","-","-",83939,0.99999994200741,84000,11.2581272125244,26.6718616485596,-0.0943502709269524,24.1331462860107,0.83991152048111,497.453063964844,225.872772216797,137.535659790039,-395515072,NA,NA
"Karain Cave","Karain Cave, human remains 01","stratum I.8","Turkey","cave",30.5666667,37.0833333,"",85000,148000,"ESR (electron spin resonance) dating","5e-5d","-","-","-",118834,0.999999966872731,119000,12.5089178085327,23.3092193603516,4.00366449356079,21.6411972045898,4.63970279693604,531.903137207031,238.969940185547,239.840789794922,-395515072,NA,NA
"Krapina","Krapina Layer c1 fauna","Complex II Unit c1","Croatia","rock shelter",15.863368,46.165529,"MP/ Mousterian - Eurasia",120000,140000,"ESR (electron spin resonance) dating","5","","","-",133372,0.954395137712821,133000,4.70650863647461,16.4698963165283,-8.28211879730225,15.410961151123,-6.78770017623901,1031.15686035156,156.892379760742,556.123229980469,5.55437755584717,NA,NA
"Krapina","Krapina Layer c5 fauna","Complex II Unit c5","Croatia","rock shelter",15.863368,46.165529,"MP/ Mousterian - Eurasia",120000,140000,"ESR (electron spin resonance) dating","5","","","-",130966,0.599912598047713,131000,6.46661186218262,20.9602470397949,-6.88383007049561,18.7284545898438,-5.36720848083496,1040.2685546875,162.676208496094,690.494995117188,4,NA,NA
"Krapina","Krapina Layer c7 fauna","Complex II Unit c7","Croatia","rock shelter",15.863368,46.165529,"MP/ Mousterian - Eurasia",120000,140000,"ESR (electron spin resonance) dating","5","","","-",69700,1,70000,3.82422208786011,11.1793575286865,-5.99600744247437,10.7832813262939,-5.06018829345703,1016.89672851562,160.409439086914,502.913818359375,9.70359039306641,NA,NA
"Krapina","Krapina Layer c9 fauna","Complex II Unit c9","Croatia","rock shelter",15.863368,46.165529,"MP/ Mousterian - Eurasia",120000,140000,"ESR (electron spin resonance) dating","5","","","-",87327,1,87000,4.46969556808472,17.3087024688721,-8.39290332794189,15.7841939926147,-6.99932479858398,1021.29010009766,159.421142578125,534.720397949219,5.55437755584717,NA,NA
"Ksar Akil","Ksar Akil, XXXII, Fauna","Level XXXII","Lebanon","rock shelter",35.640847,33.914028,"MP/ Mousterian - Levant",47000,56000,"U series (uranium-thorium) dating, stratigraphy","3","","-","-",50332,0.999999998343113,50000,11.60036277771,20.5652980804443,3.13036680221558,19.4917411804199,3.6651976108551,702.710388183594,402.838409423828,103.458541870117,-971542464,NA,NA
"Kulna Cave","Kulna layer 9 fauna","Unit 9b","Czech Republic","cave",16.737983,49.407631,"MP/ Micoquian",65100,77500,"ESR (electron spin resonance) dating, OSL (optically stimulated thermoluminescence) dating","-","","-","-",70211,0.999999999358335,70000,0.72078263759613,9.56410026550293,-10.0995244979858,8.97038650512695,-9.14184284210205,522.452270507812,74.5419464111328,302.108795166016,10,NA,NA
"Kulna Cave","Kulna layer 11a fauna","Unit 11","Czech Republic","cave",16.737983,49.407631,"MP/ Middle Paleolithic - Eurasia",70600,130000,"OSL (optically stimulated thermoluminescence) dating, oxygen isotope stratigraphy, stratigraphy","5","","-","-",76664,0.926036999122707,77000,3.56997847557068,14.2946348190308,-6.56626558303833,12.8809900283813,-5.63136529922485,558.619445800781,88.9250869750977,407.168090820312,9.14306640625,NA,NA
"Kulna Cave","Kulna layer 12 fauna","Unit 12a","Czech Republic","cave",16.737983,49.407631,"MP/ Middle Paleolithic - Eurasia",115000,130000,"stratigraphy","-","","-","-",93500,1,94000,4.66130018234253,15.0293655395508,-7.03751611709595,13.4404268264771,-5.63612079620361,588.437194824219,95.0785217285156,468.229095458984,7.58858489990234,NA,NA
"Kulna Cave","Kulna layer 14, micromammals","Unit 14","Czech Republic","cave",16.737983,49.407631,"MP/ Middle Paleolithic - Eurasia",115000,190000,"stratigraphy","6-5e","","","-",98000,1,98000,5.477614402771,17.0861988067627,-4.97015237808228,14.9547605514526,-3.78441023826599,595.281311035156,102.485069274902,451.20849609375,7.30801677703857,NA,NA
"La Chaise - Bourgeois-Delaunay","La Chaise - Bourgeois-Delaunay Layer 8","Unit 8 prime","France","cave",0.446972,45.670333,"MP/ Mousterian - Eurasia",91000,116000,"geology (based on position of layers), biostratigraphy (large mammal), micromorphology","5d","","-","-",70500,0.999999985676063,70000,6.43370866775513,11.5504579544067,0.728217899799347,11.0959625244141,1.33439528942108,787.763122558594,208.674880981445,344.083923339844,14.4576940536499,NA,NA
"La Chaise - Suard","La Chaise - Suard Layer III - VIII","Layer III","France","cave",0.446644,45.670603,"MP/ Mousterian - Eurasia",126000,287000,"geology (based on position of layers)","-","","-","-",70618,0.999999999999962,71000,7.39795112609863,12.9857969284058,1.70661199092865,12.3857908248901,2.20814442634583,803.521728515625,216.370864868164,369.009643554688,5.43889665603638,NA,NA
"La Ferrassie_Grand Abri","La Ferrassie_Grand Abri Unit B new layer 3 fauna","Peyrony Unit B","France","rock shelter",0.93805,44.951792,"",41800,78800,"archaeological (cultural) stratigraphy, OSL (optically stimulated thermoluminescence) dating","-","102","-","-",53563,1,54000,8.48123168945312,16.8171329498291,1.81971395015717,15.5791959762573,2.3099410533905,768.818542480469,206.222610473633,385.386322021484,11.0369129180908,NA,NA
"La Ferrassie_Grand Abri","La Ferrassie_Grand Abri Unit A fauna","Peyrony Unit A","France","rock shelter",0.93805,44.951792,"MP/ Mousterian of Acheulean Tradition",58500,100300,"archaeological (cultural) stratigraphy, OSL (optically stimulated thermoluminescence) dating","-","65","-","-",75436,1,75000,9.328537940979,16.4043292999268,3.41841602325439,15.4997911453247,3.83575654029846,789.810607910156,214.389129638672,462.528167724609,6,NA,NA
"La Quina - Amont","La Quina, Hominid 5","Unit L","France","collapsed shelter",0.294517,45.508222,"MP/ Mousterian - Eurasia",60000,71000,"archaeological (cultural) stratigraphy, geology (based on position of layers), stratigraphy","4-3","-","-","-",55600,1,56000,7.5048131942749,15.2040185928345,1.25864017009735,14.142804145813,1.76535189151764,741.19677734375,208.535888671875,333.700347900391,14.5554056167603,NA,NA
"Les Pradelles","Les Pradelles Level 11 Fauna","UL A","France","collapsed shelter",0.431889,45.740442,"",62600,82740,"OSL (optically stimulated thermoluminescence) dating, U series (uranium-thorium) dating","-","","-","-",81956,0.999999999344017,82000,7.88182401657104,17.1547813415527,1.05472123622894,15.6086549758911,1.36916935443878,736.795593261719,217.262100219727,385.678253173828,15,NA,NA
"Lezetxiki","Lezetxiki Unit VII human remains","Unit VII","Spain","cave",-2.52917,43.079221,"MP/ Mousterian - Eurasia",126000,300000,"biostratigraphy (large mammal), geology (based on position of layers), U series (uranium-thorium) dating, ESR (electron spin resonance) dating","6","-","-","-",121454,0.918270494644314,121000,11.0199251174927,19.7167434692383,4.69540309906006,18.6404209136963,5.33377599716187,992.021118164062,283.667785644531,507.589477539062,11.6959066390991,NA,NA
"Lynford Quarry","Lynford, B-ii:01, Fauna","Unit B-ii:01","United Kingdom","quarry",0.6861361,52.5192528,"MP/ Mousterian - Eurasia",43830,78120,"OSL (optically stimulated thermoluminescence) dating","5a-3","96","-","-",57400,1,57000,2.74243640899658,13.9810781478882,-6.10258674621582,12.5218906402588,-5.70527982711792,615.642395019531,157.333160400391,316.511596679688,9.888671875,NA,NA
"Lynford Quarry","Lynford, B-ii:02, Fauna","Unit B-ii:02","United Kingdom","quarry",0.6861361,52.5192528,"MP/ Mousterian - Eurasia",43830,78120,"OSL (optically stimulated thermoluminescence) dating","5a-3","4","-","-",62781,0.999999999988423,63000,-0.41047191619873,10.3773908615112,-10.1121988296509,9.43134021759033,-9.72457790374756,585.481872558594,149.303970336914,228.733520507812,10,NA,NA
"Lynford Quarry","Lynford, B-ii:03, Fauna","Unit B-ii:03","United Kingdom","quarry",0.6861361,52.5192528,"MP/ Mousterian - Eurasia",43830,78120,"OSL (optically stimulated thermoluminescence) dating","5a-3","1192","-","-",53060,0.999999999998674,53000,4.85167407989502,15.8088054656982,-3.56304883956909,14.318811416626,-3.19455814361572,640.361206054688,159.999252319336,368.552551269531,8,NA,NA
"Lynford Quarry","Lynford, B-ii:05, Fauna","Unit B-ii:05","United Kingdom","quarry",0.6861361,52.5192528,"MP/ Mousterian - Eurasia",43830,78120,"OSL (optically stimulated thermoluminescence) dating","5a-3","3","-","-",55165,1,55000,3.79253721237183,15.0488262176514,-4.86046838760376,13.5443649291992,-4.53527498245239,629.04931640625,159.173812866211,342.152740478516,8,NA,NA
"Madonna dell Arma","Madonna dell Arma, couche I, Fauna","Layer Q","Italy","cave",7.845847,43.828311,"",68700,77500,"U series (uranium-thorium) dating","-","","-","-",73100,1,73000,9.7424259185791,16.6493473052979,4.10054922103882,15.8702230453491,4.33141469955444,848.78076171875,258.737609863281,328.717864990234,-2038792704,NA,NA
"Madonna dell Arma","Madonna dell Arma, couche II, Fauna","Layer S4","Italy","cave",7.845847,43.828311,"",73900,80700,"U series (uranium-thorium) dating","-","","-","-",77300,1,77000,9.87642860412598,18.0796451568604,3.80883169174194,17.0353031158447,4.0766134262085,858.58984375,267.059631347656,297.017059326172,-2038792704,NA,NA
"Madonna dell Arma","Madonna dell Arma, couche IV, Fauna","Layer IV2","Italy","cave",7.845847,43.828311,"",79200,96800,"ESR (electron spin resonance) dating","-","","-","-",88000,0.999999999999995,88000,8.67815589904785,18.6394901275635,1.02443850040436,17.0913944244385,1.39023232460022,859.411926269531,272.72705078125,213.469833374023,-2038792704,NA,NA
"Mezmaiskaya Cave","Mezmaiskaya Cave layer 3 fauna","Layer 3","Russia","cave",40,44.166,"MP/ Middle Paleolithic - Eurasia",60000,70000,"14C (radiocarbon) dating, archaeological (cultural) stratigraphy","4","592","378","-",65470,0.999999999999994,65000,2.15266799926758,13.3267822265625,-11.2881135940552,12.1540288925171,-9.8303108215332,1035.08081054688,238.132064819336,589.329650878906,9.30139446258545,NA,NA
"Moula Guercy","Moula-Guercy layer IV fauna","Layer IV","France","cave",4.847953,44.883389,"MP/ Middle Paleolithic - Eurasia",50000,72000,"14C (radiocarbon) dating, biostratigraphy","4-3","","","-",52000,0.5,52000,6.45008420944214,15.7465553283691,-1.12195611000061,14.4590930938721,-0.658790707588196,1039.96752929688,271.048645019531,449.233337402344,6.8796181678772,NA,NA
"Moula Guercy","Moula-Guercy layer V-VII fauna","Layer VI","France","cave",4.847953,44.883389,"",60000,84000,"TL (thermoluminescence) dating","4","","","-",72000,0.999992657966532,72000,6.93185806274414,13.8012142181396,0.413269281387329,13.0449857711792,0.757085204124451,1002.81225585938,248.91633605957,437.383117675781,13.0369453430176,NA,NA
"Nahal Mahanayeem Outlet","NMO, Layer 4, Fauna","Unit 4","Israel","open air",35.6309,33.0267,"MP/ Mousterian - Levant",47000,77000,"OSL (optically stimulated thermoluminescence) dating","-","100","-","-",64495,0.999999999999999,64000,11.5689725875854,20.5354804992676,2.88958549499512,19.7091083526611,3.46092009544373,662.2744140625,372.841857910156,94.6972351074219,14.8317584991455,NA,NA
"Neumark-Nord 1","NN1 layer 2 micromammals","layer 2","Germany","open air",11.898889,51.324444,"",116000,130000,"fauna, geology (based on position of layers)","5e","1","1","-",140504,0.999999324762077,141000,1.17130839824677,12.0816946029663,-8.6398286819458,10.2958450317383,-8.05128574371338,346.470550537109,40.6716995239258,243.717407226562,10,NA,NA
"Neumark-Nord 1","NN1 layer 6.1 micromammals","layer 6.1","Germany","open air",11.898889,51.324444,"MP/ Middle Paleolithic - Eurasia",116000,130000,"fauna, geology (based on position of layers), macrobotanical remains, palynology","5e","61","58","-",132000,0.999999992721659,132000,3.41123342514038,16.6086330413818,-9.30292415618896,15.1781902313232,-8.2454833984375,381.047760009766,31.5154590606689,364.467102050781,13.0052690505981,NA,NA
"Neumark-Nord 2","NN2/2A large mammal fauna","3.1","Germany","open air",11.902831,51.324214,"MP/ Middle Paleolithic - Eurasia",114000,138000,"TL (thermoluminescence) dating, fauna, geology (based on position of layers), palynology, biostratigraphy (small mammal)","5e","","-","-",126000,0.999999999651369,126000,8.60194492340088,22.7841396331787,-1.71495640277863,20.0871753692627,-0.879414021968842,466.132568359375,63.8306617736816,477.214721679688,6,NA,NA
"Neumark-Nord 2","NN2/2B large mammal fauna","2.3","Germany","open air",11.902831,51.324214,"MP/ Middle Paleolithic - Eurasia",102000,133000,"TL (thermoluminescence) dating, fauna, geology (based on position of layers), macrobotanical remains, palynology, biostratigraphy (small mammal)","5e","","-","-",120301,0.999999999903727,120000,9.02966690063477,18.7392864227295,1.3624095916748,17.0220394134521,1.93003571033478,474.819152832031,102.136207580566,441.044647216797,6,NA,NA
"Neumark-Nord 2","NN2/2B large mammal fauna","2.5","Germany","open air",11.902831,51.324214,"MP/ Middle Paleolithic - Eurasia",94000,149000,"TL (thermoluminescence) dating, fauna, geology (based on position of layers), macrobotanical remains, palynology, biostratigraphy (small mammal)","5e","","-","-",131474,0.99999982179275,131000,4.88903188705444,18.7240200042725,-7.6175332069397,16.8306217193604,-6.54898643493652,406.695281982422,37.7676963806152,403.291931152344,7,NA,NA
"Ortvale Klde","Ortvale Klde Layer 10 fauna","Layer 10","Georgia","cave",43.262472,42.310469,"MP/ Mousterian - Eurasia",48651,54016,"TL (thermoluminescence) dating, stratigraphy","-","","-","-",50138,0.999999067897541,50000,5.50893831253052,16.2675628662109,-8.10795497894287,15.4227447509766,-6.44008922576904,890.666198730469,188.498519897461,448.830993652344,4.520911693573,NA,NA
"Payre","Payre unit D large mammals","Unit D1","France","collapsed cave",4.736381,44.731856,"MP/ Middle Paleolithic - Eurasia",115000,178000,"biostratigraphy (small mammal), U series (uranium-thorium) dating, biostratigraphy (large mammal), ESR (electron spin resonance) dating","6-5","1118","13","-",141032,0.89409803991028,141000,4.78969383239746,11.7711782455444,-1.15245425701141,10.8146619796753,-0.821784675121307,1088.40112304688,276.502349853516,310.103332519531,8.19891452789307,NA,NA
"Pech de l Azé II","Pech de l Azé II Layer 4D Fauna","Layer 4D","France","cave",1.252997,44.858736,"MP/ Mousterian - Eurasia",74800,112100,"ESR (electron spin resonance) dating, OSL (optically stimulated thermoluminescence) dating","-","","-","-",105300,1,105000,8.200270652771,18.0213394165039,1.19303631782532,16.2847843170166,1.53499865531921,688.68212890625,199.107040405273,368.693359375,15,NA,NA
"Pech de l Azé II","Pech de l Azé II Layer 4B Fauna","Layer 4B","France","cave",1.252997,44.858736,"MP/ Denticulate Mousterian",74800,95800,"ESR (electron spin resonance) dating, OSL (optically stimulated thermoluminescence) dating","-","","-","-",83883,1,84000,9.10894107818604,19.5244216918945,1.4507200717926,17.5747394561768,1.94929504394531,707.097045898438,196.162567138672,402.559906005859,15,NA,NA
"Pech de l Azé II","Pech de l Azé II Layer 4A1 Fauna","Layer 4A","France","cave",1.252997,44.858736,"MP/ Mousterian - Eurasia",53700,87000,"ESR (electron spin resonance) dating, OSL (optically stimulated thermoluminescence) dating","-","","-","-",78866,0.999999684135377,79000,8.08759498596191,15.8023300170898,1.90429198741913,14.8244247436523,2.2506856918335,738.969848632812,207.989654541016,370.418060302734,11.0369129180908,NA,NA
"Pech de l Azé II","Pech de l Azé II Layer 3 Fauna","Layer 3","France","cave",1.252997,44.858736,"MP/ Mousterian - Eurasia",56000,72000,"ESR (electron spin resonance) dating, OSL (optically stimulated thermoluminescence) dating","-","","-","-",61757,0.999894725910665,62000,5.99406909942627,13.0547876358032,-0.240576311945915,12.2986783981323,0.180503576993942,687.841247558594,184.234710693359,261.373962402344,6.32734251022339,NA,NA
"Pech de l Azé II","Pech de l Azé II Layer 2G1 Fauna","Layer 2G1","France","cave",1.252997,44.858736,"MP/ Mousterian - Eurasia",55100,69500,"ESR (electron spin resonance) dating, OSL (optically stimulated thermoluminescence) dating","-","","-","-",64039,0.999994556530099,64000,5.36074209213257,11.5746517181396,-0.693895280361176,10.9988842010498,-0.163776725530624,685.939453125,179.297973632812,78.6910171508789,14,NA,NA
"Pech de l Azé II","Pech de l Azé II Layer 2F to 1 Fauna","Layer 1","France","cave",1.252997,44.858736,"",0,59000,"geology (based on position of layers), stratigraphy","-","","-","-",56031,0.9999999940661,56000,7.38699007034302,15.4581708908081,0.967091381549835,14.3022441864014,1.40701651573181,742.477172851562,200.314895629883,330.61181640625,13.5251750946045,NA,NA
"Pech de l Azé II","Pech de l Azé II Layer 2F to 1 Fauna","Layer 2E","France","cave",1.252997,44.858736,"MP/ Mousterian - Eurasia",54000,59000,"ESR (electron spin resonance) dating","-","","-","-",56676,0.999999995355143,57000,7.51506900787354,15.7589721679688,1.01891601085663,14.5513172149658,1.43825590610504,733.08642578125,199.514068603516,337.306762695312,14.7139434814453,NA,NA
"Pech de l Azé II","Pech de l Azé II Layer 2F to 1 Fauna","Layer 2F","France","cave",1.252997,44.858736,"MP/ Mousterian - Eurasia",54000,59000,"ESR (electron spin resonance) dating","-","","-","-",54318,0.99999999159991,54000,8.48123168945312,16.8171329498291,1.81971395015717,15.5791959762573,2.3099410533905,768.818542480469,206.222610473633,385.386322021484,11.0369129180908,NA,NA
"Pech de l Azé II","Pech de l Azé II Layer 4C Fauna","Layer 4C","France","cave",1.252997,44.858736,"MP/ Mousterian - Eurasia",74800,95800,"ESR (electron spin resonance) dating, OSL (optically stimulated thermoluminescence) dating, stratigraphy","-","","-","-",71114,0.999993360237757,71000,7.92452192306519,13.4525995254517,2.2461564540863,12.9201717376709,2.71484231948853,771.704711914062,197.465026855469,373.285614013672,5.74951505661011,NA,NA
"Pech de l Azé II","Pech de l Azé II Layer 5 Fauna","Layer 5","France","cave",1.252997,44.858736,"",128000,146000,"ESR (electron spin resonance) dating","-","","-","-",144773,0.949756324239486,145000,6.16308403015137,12.5336198806763,0.908126175403595,11.8014898300171,1.30896806716919,754.588500976562,203.880554199219,267.412902832031,9.62205028533936,NA,NA
"Quneitra","Quneitra, Fauna","Unit 3","Israel","open air",35.816278,33.128351,"MP/ Mousterian - Levant",48000,59800,"ESR (electron spin resonance) dating","3","99","-","-",53900,0.999999995426914,54000,13.5811548233032,22.9921932220459,4.85567188262939,21.9555130004883,5.44410753250122,641.073120117188,376.589538574219,131.392425537109,19.8336486816406,NA,NA
"Riparo del Poggio","Riparo del Poggio Layer 17 fauna","Unit 17","Italy","hill slope",15.387452,39.997665,"MP/ Mousterian - Eurasia",102800,120800,"TL (thermoluminescence) dating","5","3","-","-",111800,1,112000,9.94193744659424,18.1897830963135,2.83575487136841,17.2797966003418,3.14485311508179,651.077819824219,201.362564086914,362.675933837891,-1333801216,NA,NA
"Roc de Marsal","Roc de Marsal 1","Layer 5","France","cave",0.976108,44.901889,"MP/ Mousterian - Eurasia",46900,81200,"TL (thermoluminescence) dating, archaeological (cultural) stratigraphy, geology (based on position of layers)","4","-","-","-",76505,1,77000,8.60793209075928,15.8537788391113,2.68216323852539,15.0255889892578,3.05045437812805,767.517822265625,212.536575317383,399.27783203125,6,NA,NA
"Sainte-Anne I","Sainte-Anne I Layer J1 fauna","Unit J1","France","cave",3.83552,45.071273,"MP/ Middle Paleolithic - Eurasia",126000,190000,"geology (based on position of layers), biostratigraphy (large mammal), ESR (electron spin resonance) dating, U series (uranium-thorium) dating","6","119","-","-",91550,0.950926874905986,92000,5.65944051742554,13.0668239593506,-1.66537868976593,12.3596477508545,-1.12667787075043,1069.41967773438,244.269241333008,412.999053955078,6.15671491622925,NA,NA
"Scladina","Scladina human remains 1","unit 4A-CHE","Belgium","cave",5.024939,50.484139,"",57000,126000,"U series (uranium-thorium) dating","5-4","-","-","-",127000,0.933733318651622,127000,8.72847175598145,22.2221260070801,-0.834847092628479,19.5395412445068,-0.204893752932549,811.242065429688,186.729705810547,507.769317626953,6,NA,NA
"Scladina","Scladina unit 5 fauna","unit 5","Belgium","cave",5.024939,50.484139,"MP/ Middle Paleolithic - Eurasia",71000,126000,"TL (thermoluminescence) dating","5","","-","-",130000,0.999767373750525,130000,6.70474624633789,19.9439582824707,-3.81695222854614,17.6410312652588,-3.06232810020447,782.267822265625,171.171813964844,468.261016845703,7,NA,NA
"Sima de las Palomas","Unknown Layer Macromammal Fauna","Layer B","Spain","cave",-0.895833,37.799722,"",50000,59400,"OSL (optically stimulated thermoluminescence) dating","3","","-","-",54700,0.999999999999923,55000,13.8713302612305,22.7452239990234,7.47256183624268,21.6273670196533,7.8857421875,339.159729003906,108.340682983398,162.925415039062,-575085760,NA,NA
"Sima de las Palomas","Unknown Layer Macromammal Fauna","Layer C (Conglomerate A)","Spain","cave",-0.895833,37.799722,"",42300,57950,"U series (uranium-thorium) dating","3","","-","-",51076,1,51000,13.7722940444946,22.3136310577393,7.57586860656738,21.2244510650635,8.00628757476807,346.010589599609,111.517158508301,156.498886108398,-575085760,NA,NA
"Starosele","Starosele 1952-1956 Excavation Macromammal Fauna","Layer D","Ukraine","cave",33.934757,44.752616,"MP/ Middle Paleolithic - Eurasia",35600,46700,"ESR (electron spin resonance) dating","-","59831","-","-",57482,0.999999286154507,57000,5.04334211349487,16.9647541046143,-6.74309253692627,15.7232713699341,-5.57758378982544,562.7802734375,162.023712158203,331.776306152344,-426493952,NA,NA
"Starosele","Starosele 1952-1956 Excavation Macromammal Fauna","Layer F","Ukraine","cave",33.934757,44.752616,"MP/ Middle Paleolithic - Eurasia",95500,112500,"U series (uranium-thorium) dating","-","59831","-","-",104000,1,104000,7.66215372085571,20.6492900848389,-3.32503914833069,19.1617984771729,-2.42915225028992,563.163757324219,154.039321899414,369.427947998047,-706989184,NA,NA
"Stuttgart-Untertürkheim","Biedermann Cave Fauna","Upper Travertine","Germany","open air",9.244974,48.790701,"MP/ Mousterian - Eurasia",93000,109000,"geology (based on position of layers), biostratigraphy (small mammal), U series (uranium-thorium) dating","5c","253","13","-",105500,1,106000,5.6640477180481,18.4728565216064,-4.07787704467773,16.0838050842285,-3.51874589920044,603.979248046875,90.6972274780273,479.789154052734,7.09948635101318,NA,NA
"Stuttgart-Untertürkheim","Lower Travertine Calcified Tree Stump S1 Fauna","Lower Travertine","Germany","open air",9.244974,48.790701,"MP/ Mousterian - Eurasia",116000,130000,"U series (uranium-thorium) dating, geology (based on position of layers), palynology, biostratigraphy (small mammal)","5e","487","20","11",106588,0.99953264734625,107000,4.03254270553589,16.3331642150879,-5.72425508499146,14.235502243042,-5.21562719345093,563.197021484375,74.2247924804688,428.319366455078,8.13547420501709,NA,NA
"Tönchesberg 1","Tönchesberg 1 fauna IA (lower lava loess)","loess with lava 1","Germany","open air",7.359886,50.368036,"MP/ Middle Paleolithic - Eurasia",110000,141000,"TL (thermoluminescence) dating","5e","60","-","-",121000,0.999999999999656,121000,9.63444805145264,19.0257034301758,2.49911451339722,17.4997978210449,2.95792865753174,828.40087890625,215.43098449707,484.195709228516,6,NA,NA
"Tönchesberg 1","Tönchesberg 1 fauna 1B","loess with volcanic ash","Germany","open air",7.359886,50.368036,"MP/ Middle Paleolithic - Eurasia",60000,72000,"TL (thermoluminescence) dating","4","114","-","-",66000,0.999999999999991,66000,0.768571078777313,9.4313793182373,-7.95434141159058,8.85531616210938,-7.5762825012207,645.780029296875,129.074676513672,243.649826049805,10,NA,NA
"Tönchesberg 2","Tönchesberg 2 Tö2D fauna","loess 3","Germany","open air",7.361494,50.368086,"MP/ Middle Paleolithic - Eurasia",105000,123000,"TL (thermoluminescence) dating","5d","16","-","-",114000,1,114000,6.45383214950562,12.965220451355,-1.66471695899963,12.7123346328735,-1.08280527591705,746.255126953125,173.610961914062,391.085021972656,6.22407484054565,NA,NA
"Waziers - Le Bas Terroir","Waziers - Le Bas Terroir US 4 Macromammal Fauna","Unit IV","France","open air",3.116151,50.39474,"",130000,191000,"OSL (optically stimulated thermoluminescence) dating, geology (based on position of layers), stratigraphy","6","4","-","-",103000,1,103000,5.8335075378418,16.9242744445801,-2.32939743995667,15.1626777648926,-1.89222741127014,703.481262207031,177.933746337891,424.241516113281,7.09580612182617,NA,NA
